Link,Dead Link Count
https://en.wikipedia.org/w/index.php?search=Editnotices%2FPage%2FTemplate+talk%3AEditnotices%2FGroup%2FTemplate+talk%3AEditnotices+page+template+talk%3Aeditnotices+page+perry+meeting&title=Special%3ASearch&fulltext=1&ns10=1,1
https://en.wikipedia.org/w/index.php?search=Editnotices%2FPage%2FTemplate+talk%3AEditnotices%2FPage%2FPerry+Mehrling&title=Special%3ASearch&fulltext=1&ns11=1,1
https://en.wikipedia.org/w/index.php?title=Archivebox&action=info,1
https://en.wikipedia.org/w/index.php?title=Category:National_Register_of_Historic_Places_templates&action=info,1
https://en.wikipedia.org/w/index.php?title=Chams&action=edit&section=21,1
https://en.wikipedia.org/w/index.php?title=Editnotices/Page/Template_talk:Editnotices/Group/Template_talk:Editnotices_page_template_talk:editnotices_page_perry_meeting&action=info,1
https://en.wikipedia.org/w/index.php?title=Editnotices/Page/Template_talk:Editnotices/Page/Perry_Mehrling&action=info,1
https://en.wikipedia.org/w/index.php?title=Escort_carrier&diff=865934767&oldid=860224618,1
https://en.wikipedia.org/w/index.php?title=File:Tyrone_Corbin_Photo.jpg&action=info,1
https://en.wikipedia.org/w/index.php?title=File_talk:Chris_Tillman_Pitching_against_the_Oakland_Athletics.jpg&action=info,1
https://en.wikipedia.org/w/index.php?title=File_talk:Ovidiu_Stadium.jpg&action=info,1
https://en.wikipedia.org/w/index.php?title=File_talk:Tyrone_Corbin_Photo.jpg&action=info,1
https://en.wikipedia.org/w/index.php?title=HMS_Investigator_(1801)&action=edit&section=6,1
https://en.wikipedia.org/w/index.php?title=HMS_Trincomalee&oldid=738116229,3
https://en.wikipedia.org/w/index.php?title=Ivano-Frankivsk&action=edit&section=33,1
https://en.wikipedia.org/w/index.php?title=Kinetic_energy_recovery_system&diff=prev&oldid=663006001,1
https://en.wikipedia.org/w/index.php?title=Module:Respell/testcases&action=edit&preload=Template%3ADocumentation%2Fpreload-module-testcases,1
https://en.wikipedia.org/w/index.php?title=Ny%C3%ADrtass&action=edit&undoafter=875417950&undo=920617162,1
https://en.wikipedia.org/w/index.php?title=Oceanographic_Museum_of_Monaco&action=edit&section=2,1
https://en.wikipedia.org/w/index.php?title=Perry_Mehrling&action=edit&undoafter=692108031&undo=705709100,1
https://en.wikipedia.org/w/index.php?title=Peter_Valentine&action=edit&oldid=942095291,1
https://en.wikipedia.org/w/index.php?title=Qi&action=edit&section=18,1
https://en.wikipedia.org/w/index.php?title=Saxon_Academy_of_Sciences_and_Humanities&diff=962621135&oldid=884232776,1
https://en.wikipedia.org/w/index.php?title=Special:Search&search=editnotices+page+template+talk%3Aeditnotices+page+perry+merging&fulltext=1&ns11=1,1
https://en.wikipedia.org/w/index.php?title=Special:WhatLinksHere/Editnotices/Page/Template_talk:Editnotices/Group/Template_talk:Editnotices_page_template_talk:editnotices_page_perry_meeting&hidelinks=1&hidetrans=1,3
https://en.wikipedia.org/w/index.php?title=Special:WhatLinksHere/Editnotices/Page/Template_talk:Editnotices/Page/Perry_Mehrling&hidelinks=1&hidetrans=1,1
https://en.wikipedia.org/w/index.php?title=Special:WhatLinksHere/Editnotices/Page/Template_talk:Editnotices/Page/Perry_Mehrling&hideredirs=1&hidetrans=1,1
https://en.wikipedia.org/w/index.php?title=Special:WhatLinksHere/Editnotices/Page/Template_talk:Editnotices/Page/Perry_Mehrling&hidetrans=1&hidelinks=1&hideredirs=1,2
https://en.wikipedia.org/w/index.php?title=Special:WhatLinksHere/File:Tyrone_Corbin_Photo.jpg&hidelinks=1&hideimages=1,1
https://en.wikipedia.org/w/index.php?title=Special:WhatLinksHere/File:Tyrone_Corbin_Photo.jpg&hidelinks=1&hidetrans=1&hideimages=1,3
https://en.wikipedia.org/w/index.php?title=Special:WhatLinksHere/File:Tyrone_Corbin_Photo.jpg&hideredirs=1&hideimages=1&limit=500,1
https://en.wikipedia.org/w/index.php?title=Special:WhatLinksHere/File:Tyrone_Corbin_Photo.jpg&hideredirs=1&hidetrans=1&limit=500,1
https://en.wikipedia.org/w/index.php?title=Special:WhatLinksHere/File:Tyrone_Corbin_Photo.jpg&hidetrans=1&hidelinks=1,1
https://en.wikipedia.org/w/index.php?title=Special:WhatLinksHere/File:Tyrone_Corbin_Photo.jpg&hidetrans=1&hidelinks=1&hideredirs=1,1
https://en.wikipedia.org/w/index.php?title=Special:WhatLinksHere/File:Tyrone_Corbin_Photo.jpg&limit=100,1
https://en.wikipedia.org/w/index.php?title=Special:WhatLinksHere/File:Tyrone_Corbin_Photo.jpg&limit=100&hideimages=1,1
https://en.wikipedia.org/w/index.php?title=Special:WhatLinksHere/File:Tyrone_Corbin_Photo.jpg&limit=100&hideimages=1&hidelinks=1,2
https://en.wikipedia.org/w/index.php?title=Special:WhatLinksHere/File:Tyrone_Corbin_Photo.jpg&limit=100&hidelinks=1&hideimages=1&hidetrans=1,1
https://en.wikipedia.org/w/index.php?title=Special:WhatLinksHere/File:Tyrone_Corbin_Photo.jpg&limit=100&hideredirs=1,1
https://en.wikipedia.org/w/index.php?title=Special:WhatLinksHere/File:Tyrone_Corbin_Photo.jpg&limit=100&hideredirs=1&hidelinks=1,1
https://en.wikipedia.org/w/index.php?title=Special:WhatLinksHere/File:Tyrone_Corbin_Photo.jpg&limit=100&hideredirs=1&hidetrans=1&hideimages=1,1
https://en.wikipedia.org/w/index.php?title=Special:WhatLinksHere/File:Tyrone_Corbin_Photo.jpg&limit=20&hidelinks=1&hideimages=1,1
https://en.wikipedia.org/w/index.php?title=Special:WhatLinksHere/File:Tyrone_Corbin_Photo.jpg&limit=20&hideredirs=1&hidetrans=1&hideimages=1,1
https://en.wikipedia.org/w/index.php?title=Special:WhatLinksHere/File:Tyrone_Corbin_Photo.jpg&limit=20&hideredirs=1&hidetrans=1&hideimages=1&hidelinks=1,3
https://en.wikipedia.org/w/index.php?title=Special:WhatLinksHere/File:Tyrone_Corbin_Photo.jpg&limit=20&hideredirs=1&hidetrans=1&hidelinks=1,2
https://en.wikipedia.org/w/index.php?title=Special:WhatLinksHere/File:Tyrone_Corbin_Photo.jpg&limit=20&hidetrans=1&hidelinks=1&hideimages=1,1
https://en.wikipedia.org/w/index.php?title=Special:WhatLinksHere/File:Tyrone_Corbin_Photo.jpg&limit=250&hideredirs=1&hidelinks=1,1
https://en.wikipedia.org/w/index.php?title=Special:WhatLinksHere/File:Tyrone_Corbin_Photo.jpg&limit=250&hideredirs=1&hidelinks=1&hideimages=1,2
https://en.wikipedia.org/w/index.php?title=Special:WhatLinksHere/File:Tyrone_Corbin_Photo.jpg&limit=250&hideredirs=1&hidetrans=1&hideimages=1,1
https://en.wikipedia.org/w/index.php?title=Special:WhatLinksHere/File:Tyrone_Corbin_Photo.jpg&limit=250&hideredirs=1&hidetrans=1&hideimages=1&hidelinks=1,2
https://en.wikipedia.org/w/index.php?title=Special:WhatLinksHere/File:Tyrone_Corbin_Photo.jpg&limit=250&hidetrans=1&hidelinks=1&hideimages=1,1
https://en.wikipedia.org/w/index.php?title=Special:WhatLinksHere/File:Tyrone_Corbin_Photo.jpg&limit=500&hideredirs=1,1
https://en.wikipedia.org/w/index.php?title=Special:WhatLinksHere/File:Tyrone_Corbin_Photo.jpg&limit=500&hideredirs=1&hideimages=1&hidelinks=1,1
https://en.wikipedia.org/w/index.php?title=Special:WhatLinksHere/File:Tyrone_Corbin_Photo.jpg&limit=500&hideredirs=1&hidetrans=1&hidelinks=1,2
https://en.wikipedia.org/w/index.php?title=Special:WhatLinksHere/File:Tyrone_Corbin_Photo.jpg&limit=500&hidetrans=1&hidelinks=1,1
https://en.wikipedia.org/w/index.php?title=Special:WhatLinksHere/File_talk:Chris_Tillman_Pitching_against_the_Oakland_Athletics.jpg&hidelinks=1&hidetrans=1,3
https://en.wikipedia.org/w/index.php?title=Special:WhatLinksHere/File_talk:Chris_Tillman_Pitching_against_the_Oakland_Athletics.jpg&hideredirs=1&hidetrans=1,1
https://en.wikipedia.org/w/index.php?title=Special:WhatLinksHere/File_talk:Chris_Tillman_Pitching_against_the_Oakland_Athletics.jpg&hidetrans=1&hidelinks=1&hideredirs=1,2
https://en.wikipedia.org/w/index.php?title=Special:WhatLinksHere/File_talk:Ovidiu_Stadium.jpg&hidelinks=1&hidetrans=1,3
https://en.wikipedia.org/w/index.php?title=Special:WhatLinksHere/File_talk:Tyrone_Corbin_Photo.jpg&hidelinks=1&hidetrans=1,3
https://en.wikipedia.org/w/index.php?title=Special:WhatLinksHere/File_talk:Tyrone_Corbin_Photo.jpg&hideredirs=1&hidetrans=1,1
https://en.wikipedia.org/w/index.php?title=Special:WhatLinksHere/File_talk:Tyrone_Corbin_Photo.jpg&hidetrans=1&hidelinks=1&hideredirs=1,2
https://en.wikipedia.org/w/index.php?title=Special:WhatLinksHere/Talk:Editnotices/Page/Template_talk:Editnotices/Group/Template_talk:Editnotices_page_template_talk:editnotices_page_perry_meeting&hideredirs=1,2
https://en.wikipedia.org/w/index.php?title=Special:WhatLinksHere/Talk:Editnotices/Page/Template_talk:Editnotices/Group/Template_talk:Editnotices_page_template_talk:editnotices_page_perry_meeting&hideredirs=1&hidetrans=1,1
https://en.wikipedia.org/w/index.php?title=Special:WhatLinksHere/Template:Editnotices/Page/Perry_Mehrling&hidelinks=1&hidetrans=1,3
https://en.wikipedia.org/w/index.php?title=Special:WhatLinksHere/Template:Editnotices/Page/Perry_Mehrling&hideredirs=1&hidetrans=1,1
https://en.wikipedia.org/w/index.php?title=Special:WhatLinksHere/Template:Editnotices/Page/Perry_Mehrling&hidetrans=1&hidelinks=1&hideredirs=1,2
https://en.wikipedia.org/w/index.php?title=Special:WhatLinksHere/Template:Editnotices/Page/Template_talk:Editnotices/Group/Template_talk:Editnotices_page_template_talk:editnotices_page_perry_meeting&hidelinks=1&hidetrans=1,3
https://en.wikipedia.org/w/index.php?title=Special:WhatLinksHere/Template:Editnotices/Page/Template_talk:Editnotices/Group/Template_talk:Editnotices_page_template_talk:editnotices_page_perry_meeting&hideredirs=1&hidetrans=1,1
https://en.wikipedia.org/w/index.php?title=Special:WhatLinksHere/Template:Editnotices/Page/Template_talk:Editnotices/Group/Template_talk:Editnotices_page_template_talk:editnotices_page_perry_meeting&hidetrans=1&hidelinks=1&hideredirs=1,2
https://en.wikipedia.org/w/index.php?title=Special:WhatLinksHere/Template_talk:Country_data_Indiana&limit=250,1
https://en.wikipedia.org/w/index.php?title=Special:WhatLinksHere/Template_talk:Country_data_Indiana&limit=250&hideredirs=1,2
https://en.wikipedia.org/w/index.php?title=Special:WhatLinksHere/Template_talk:Editnotices/Group/Template_talk:Editnotices_page_template_talk:editnotices_page_perry_meeting&hidelinks=1,1
https://en.wikipedia.org/w/index.php?title=Special:WhatLinksHere/Template_talk:Editnotices/Group/Template_talk:Editnotices_page_template_talk:editnotices_page_perry_meeting&hidetrans=1,1
https://en.wikipedia.org/w/index.php?title=Special:WhatLinksHere/Template_talk:Editnotices/Group/Template_talk:Editnotices_page_template_talk:editnotices_page_perry_meeting&hidetrans=1&hideredirs=1,1
https://en.wikipedia.org/w/index.php?title=Special:WhatLinksHere/Template_talk:Editnotices/Page/Perry_Mehrling&hideredirs=1,2
https://en.wikipedia.org/w/index.php?title=Special:WhatLinksHere/Template_talk:Editnotices/Page/Perry_Mehrling&hideredirs=1&hidelinks=1,1
https://en.wikipedia.org/w/index.php?title=Special:WhatLinksHere/Template_talk:Editnotices/Page/Peter_Valentine&hideredirs=1,1
https://en.wikipedia.org/w/index.php?title=Special:WhatLinksHere/Template_talk:Editnotices/Page/Template_talk:Editnotices/Group/Template_talk:Editnotices_page_template_talk:editnotices_page_perry_meeting&hidelinks=1,1
https://en.wikipedia.org/w/index.php?title=Special:WhatLinksHere/Template_talk:Editnotices/Page/Template_talk:Editnotices/Group/Template_talk:Editnotices_page_template_talk:editnotices_page_perry_meeting&hideredirs=1,1
https://en.wikipedia.org/w/index.php?title=Special:WhatLinksHere/Template_talk:Editnotices/Page/Template_talk:Editnotices/Group/Template_talk:Editnotices_page_template_talk:editnotices_page_perry_meeting&hideredirs=1&hidetrans=1,1
https://en.wikipedia.org/w/index.php?title=Special:WhatLinksHere/Template_talk:Editnotices/Page/Template_talk:Editnotices_page_template_talk:editnotices_page_perry_meeting&hidelinks=1&hidetrans=1,1
https://en.wikipedia.org/w/index.php?title=Special:WhatLinksHere/Template_talk:Editnotices/Page/Template_talk:Editnotices_page_template_talk:editnotices_page_perry_meeting&hidetrans=1&hidelinks=1&hideredirs=1,2
https://en.wikipedia.org/w/index.php?title=Special:WhatLinksHere/Template_talk:Editnotices_page_template_talk:editnotices_page_perry_meeting&hideredirs=1,1
https://en.wikipedia.org/w/index.php?title=Special:WhatLinksHere/Template_talk:Editnotices_page_template_talk:editnotices_page_perry_meeting&hideredirs=1&hidelinks=1,1
https://en.wikipedia.org/w/index.php?title=Special:WhatLinksHere/User:Whpq/CSD_log_-_April_2014_to_October_2016&hideredirs=1&hidetrans=1&limit=100,1
https://en.wikipedia.org/w/index.php?title=Special:WhatLinksHere/User:Whpq/CSD_log_-_April_2014_to_October_2016&hideredirs=1&hidetrans=1&limit=500,1
https://en.wikipedia.org/w/index.php?title=Special:WhatLinksHere/User:Whpq/CSD_log_-_April_2014_to_October_2016&hidetrans=1&hidelinks=1,1
https://en.wikipedia.org/w/index.php?title=Special:WhatLinksHere/User:Whpq/CSD_log_-_April_2014_to_October_2016&limit=100,1
https://en.wikipedia.org/w/index.php?title=Special:WhatLinksHere/User:Whpq/CSD_log_-_April_2014_to_October_2016&limit=100&hideredirs=1&hidetrans=1&hidelinks=1,2
https://en.wikipedia.org/w/index.php?title=Special:WhatLinksHere/User:Whpq/CSD_log_-_April_2014_to_October_2016&limit=20&hideredirs=1,1
https://en.wikipedia.org/w/index.php?title=Special:WhatLinksHere/User:Whpq/CSD_log_-_April_2014_to_October_2016&limit=20&hidetrans=1,1
https://en.wikipedia.org/w/index.php?title=Special:WhatLinksHere/User:Whpq/CSD_log_-_April_2014_to_October_2016&limit=20&hidetrans=1&hidelinks=1,2
https://en.wikipedia.org/w/index.php?title=Special:WhatLinksHere/User:Whpq/CSD_log_-_April_2014_to_October_2016&limit=250,1
https://en.wikipedia.org/w/index.php?title=Special:WhatLinksHere/User:Whpq/CSD_log_-_April_2014_to_October_2016&limit=250&hidelinks=1,1
https://en.wikipedia.org/w/index.php?title=Special:WhatLinksHere/User:Whpq/CSD_log_-_April_2014_to_October_2016&limit=250&hidelinks=1&hidetrans=1,1
https://en.wikipedia.org/w/index.php?title=Special:WhatLinksHere/User:Whpq/CSD_log_-_April_2014_to_October_2016&limit=250&hideredirs=1,1
https://en.wikipedia.org/w/index.php?title=Special:WhatLinksHere/User:Whpq/CSD_log_-_April_2014_to_October_2016&limit=50&hideredirs=1,1
https://en.wikipedia.org/w/index.php?title=Special:WhatLinksHere/User:Whpq/CSD_log_-_April_2014_to_October_2016&limit=50&hidetrans=1,1
https://en.wikipedia.org/w/index.php?title=Special:WhatLinksHere/User:Whpq/CSD_log_-_April_2014_to_October_2016&limit=500,1
https://en.wikipedia.org/w/index.php?title=Special:WhatLinksHere/User:Whpq/CSD_log_-_April_2014_to_October_2016&limit=500&hideredirs=1&hidetrans=1&hidelinks=1,2
https://en.wikipedia.org/w/index.php?title=Talk:1920%E2%80%9321_Bolton_Wanderers_F.C._season&action=edit&redlink=1,1
https://en.wikipedia.org/w/index.php?title=Talk:Editnotices/Page/Template_talk:Editnotices/Group/Template_talk:Editnotices_page_template_talk:editnotices_page_perry_meeting&action=edit&redlink=1,2
https://en.wikipedia.org/w/index.php?title=Talk:Japanese_aircraft_carrier_Shiny%C5%8D&action=edit&redlink=1,1
https://en.wikipedia.org/w/index.php?title=Talk:List_of_lakes_of_Aruba&action=info,1
https://en.wikipedia.org/w/index.php?title=Template:Archive_box&oldid=67241219,1
https://en.wikipedia.org/w/index.php?title=Template:Archive_box&oldid=70138689,1
https://en.wikipedia.org/w/index.php?title=Template:Editnotices/Page/Perry_Mehrling&action=info,1
https://en.wikipedia.org/w/index.php?title=Template:Editnotices/Page/Peter_Valentine&action=info,1
https://en.wikipedia.org/w/index.php?title=Template:Editnotices/Page/Template_talk:Editnotices/Group/Template_talk:Editnotices_page_template_talk:editnotices_page_perry_meeting&action=info,1
https://en.wikipedia.org/w/index.php?title=Template:Pp-pc1&action=edit,1
https://en.wikipedia.org/w/index.php?title=Template:SY&oldid=830732256,1
https://en.wikipedia.org/w/index.php?title=Template:Szabolcs-Szatmar-Bereg&action=edit,1
https://en.wikipedia.org/w/index.php?title=Template_talk:Archives&oldid=976844582,1
https://en.wikipedia.org/w/index.php?title=Template_talk:Editnotices/Group/Template_talk:Editnotices_page_template_talk:editnotices_page_perry_meeting&action=edit&redlink=1,3
https://en.wikipedia.org/w/index.php?title=Template_talk:Editnotices/Group/Template_talk:Editnotices_page_template_talk:editnotices_page_perry_meeting&action=info,1
https://en.wikipedia.org/w/index.php?title=Template_talk:Editnotices/Page/Ny%C3%ADrtass&action=edit&redlink=1,1
https://en.wikipedia.org/w/index.php?title=Template_talk:Editnotices/Page/Perry_Mehrling&action=edit&redlink=1,3
https://en.wikipedia.org/w/index.php?title=Template_talk:Editnotices/Page/Perry_Mehrling&action=info,1
https://en.wikipedia.org/w/index.php?title=Template_talk:Editnotices/Page/Peter_Valentine&action=edit&redlink=1,2
https://en.wikipedia.org/w/index.php?title=Template_talk:Editnotices/Page/Template_talk:Editnotices/Group/Template_talk:Editnotices_page_template_talk:editnotices_page_perry_meeting&action=edit&redlink=1,3
https://en.wikipedia.org/w/index.php?title=Template_talk:Editnotices/Page/Template_talk:Editnotices/Group/Template_talk:Editnotices_page_template_talk:editnotices_page_perry_meeting&action=info,1
https://en.wikipedia.org/w/index.php?title=Template_talk:Editnotices/Page/Template_talk:Editnotices/Page/Perry_Mehrling&action=edit&redlink=1,2
https://en.wikipedia.org/w/index.php?title=Template_talk:Editnotices/Page/Template_talk:Editnotices_page_template_talk:editnotices_page_perry_meeting&action=edit&redlink=1,1
https://en.wikipedia.org/w/index.php?title=Template_talk:Editnotices/Page/Template_talk:Editnotices_page_template_talk:editnotices_page_perry_meeting&action=info,1
https://en.wikipedia.org/w/index.php?title=Template_talk:Editnotices/Page/Wikipedia:Village_pump_(technical)/Archive_46&action=edit&redlink=1,1
https://en.wikipedia.org/w/index.php?title=Template_talk:Editnotices_page_template_talk:editnotices_page_perry_meeting&action=edit&redlink=1,4
https://en.wikipedia.org/w/index.php?title=Template_talk:Editnotices_page_template_talk:editnotices_page_perry_merging&action=edit&redlink=1,2
https://en.wikipedia.org/w/index.php?title=Traditional_investments&action=info,1
https://en.wikipedia.org/w/index.php?title=Ulster_Bank&action=edit&undoafter=872864739&undo=873601828,1
https://en.wikipedia.org/w/index.php?title=User_talk:Helppublic&action=edit&section=19,1
https://en.wikipedia.org/w/index.php?title=User_talk:Jakemindel&action=info,1
https://en.wikipedia.org/w/index.php?title=User_talk:Lourdes/Editnotice&action=edit&redlink=1,1
https://en.wikipedia.org/w/index.php?title=Wikipedia:Village_pump_(technical)/Archive_46&action=edit,1
https://en.wikipedia.org/w/index.php?title=Wolfgang_Sch%C3%A4uble&curid=1526841&action=history,1
https://en.wikipedia.org/w/index.php?title=Yahualica_de_Gonz%C3%A1lez_Gallo&diff=prev&oldid=974391116,1
https://en.wikipedia.org/wiki/101_Air_Supply_Unit_SAOSC,2
https://en.wikipedia.org/wiki/1948_Palestinian_exodus,2
https://en.wikipedia.org/wiki/1973_European_Formula_Two_Championship,2
https://en.wikipedia.org/wiki/1977_24_Hours_of_Le_Mans,1
https://en.wikipedia.org/wiki/1981-82_Football_League,2
https://en.wikipedia.org/wiki/1997%E2%80%9398_FA_Cup,5
https://en.wikipedia.org/wiki/Abu_Hurairah,1
https://en.wikipedia.org/wiki/Andrea_Nahles,25
https://en.wikipedia.org/wiki/Arsenal_F.C._league_record_by_opponent,4
https://en.wikipedia.org/wiki/Arsenal_TV,1
https://en.wikipedia.org/wiki/Bolton_Wanderers,3
https://en.wikipedia.org/wiki/Botho_Prinz_zu_Sayn-Wittgenstein-Hohenstein,2
https://en.wikipedia.org/wiki/Bournemouth,1
https://en.wikipedia.org/wiki/Case_Gym,1
https://en.wikipedia.org/wiki/Category:Members_of_the_Bundestag_for_CDU,1
https://en.wikipedia.org/wiki/Chris_Hoy,3
https://en.wikipedia.org/wiki/Cinema_of_Austria,2
https://en.wikipedia.org/wiki/Cinema_of_Slovakia,2
https://en.wikipedia.org/wiki/Cyril_Suk,1
https://en.wikipedia.org/wiki/Escort_Group,1
https://en.wikipedia.org/wiki/Flora_of_Australia,3
https://en.wikipedia.org/wiki/Gens_Claudia,4
"https://en.wikipedia.org/wiki/Girard,_Illinois",1
https://en.wikipedia.org/wiki/HMS_Veronica_(K37),1
https://en.wikipedia.org/wiki/Interstate_90_in_Washington,1
https://en.wikipedia.org/wiki/Johan_Anderson,1
https://en.wikipedia.org/wiki/Kevin_Nugent_(footballer),1
https://en.wikipedia.org/wiki/List_of_lakes_of_Moldova,2
https://en.wikipedia.org/wiki/List_of_newspapers_in_Louisiana,1
https://en.wikipedia.org/wiki/List_of_squadrons_and_flotillas_of_the_Royal_Navy,2
https://en.wikipedia.org/wiki/Louisiana_Purchase_Exposition_dollar,1
https://en.wikipedia.org/wiki/Loving_(2016_film),1
https://en.wikipedia.org/wiki/Marine_microorganisms,1
https://en.wikipedia.org/wiki/Markus_Berger_(politician),11
https://en.wikipedia.org/wiki/Marriott_Hotel,1
https://en.wikipedia.org/wiki/Microfoundations,2
https://en.wikipedia.org/wiki/Nessma_TV,2
https://en.wikipedia.org/wiki/Pau_Grand_Prix,1
https://en.wikipedia.org/wiki/Railroad_classes,1
https://en.wikipedia.org/wiki/Redevelopment_of_Birmingham,1
https://en.wikipedia.org/wiki/Renate_Schmidt,5
https://en.wikipedia.org/wiki/Special:RecentChangesLinked/Jacques_Camatte,1
https://en.wikipedia.org/wiki/Special:RecentChangesLinked/Module:Progress_box/config,1
https://en.wikipedia.org/wiki/Special:RecentChangesLinked/Talk:Palace_of_Fontainebleau,1
https://en.wikipedia.org/wiki/Special:RecentChangesLinked/Template:Countries_of_Africa/doc,1
https://en.wikipedia.org/wiki/Special:RecentChangesLinked/Template:NRISref,1
https://en.wikipedia.org/wiki/Special:RecentChangesLinked/Template:Royal_Bank_of_Scotland_Group,1
https://en.wikipedia.org/wiki/Special:RecentChangesLinked/Template_talk:Archives/archivelist,1
https://en.wikipedia.org/wiki/Special:WhatLinksHere/Edwin_R._A._Seligman,1
https://en.wikipedia.org/wiki/Special:WhatLinksHere/Talk:Editnotices/Page/Template_talk:Editnotices/Group/Template_talk:Editnotices_page_template_talk:editnotices_page_perry_meeting,3
https://en.wikipedia.org/wiki/Special:WhatLinksHere/Template_talk:Country_data_Indiana,1
https://en.wikipedia.org/wiki/Special:WhatLinksHere/Template_talk:Editnotices/Group/Template_talk:Editnotices_page_template_talk:editnotices_page_perry_meeting,3
https://en.wikipedia.org/wiki/Special:WhatLinksHere/Template_talk:Editnotices/Page/Perry_Mehrling,3
https://en.wikipedia.org/wiki/Special:WhatLinksHere/Template_talk:Editnotices/Page/Peter_Valentine,1
https://en.wikipedia.org/wiki/Special:WhatLinksHere/Template_talk:Editnotices/Page/Template_talk:Editnotices/Group/Template_talk:Editnotices_page_template_talk:editnotices_page_perry_meeting,3
https://en.wikipedia.org/wiki/Special:WhatLinksHere/Template_talk:Editnotices/Page/Template_talk:Editnotices_page_template_talk:editnotices_page_perry_meeting,1
https://en.wikipedia.org/wiki/Special:WhatLinksHere/Template_talk:Editnotices_page_template_talk:editnotices_page_perry_meeting,3
https://en.wikipedia.org/wiki/Sun_Tran,1
https://en.wikipedia.org/wiki/Taihoku_Imperial_University,2
https://en.wikipedia.org/wiki/Template:Editnotices/Page/Template_talk:Editnotices/Group/Template_talk:Editnotices_page_template_talk:editnotices_page_perry_meeting,1
https://en.wikipedia.org/wiki/Template:S-ttl,2
https://en.wikipedia.org/wiki/Template_talk:Archives/archivelist,1
https://en.wikipedia.org/wiki/Thomas_Jefferson_250th_Anniversary_silver_dollar,1
https://en.wikipedia.org/wiki/Timeline_of_the_name_%22Palestine%22,1
https://en.wikipedia.org/wiki/U-1-class_submarine_(Austria-Hungary),1
https://en.wikipedia.org/wiki/User:Bigstory1,1
https://en.wikipedia.org/wiki/User:Whpq/CSD_log_-_April_2014_to_October_2016,13
https://en.wikipedia.org/wiki/User_talk:220.101.28.25/Archive_1,1
https://en.wikipedia.org/wiki/User_talk:ButchMG,1
https://en.wikipedia.org/wiki/User_talk:Helppublic,1
https://en.wikipedia.org/wiki/User_talk:Stemonitis,1
https://en.wikipedia.org/wiki/User_talk:Stemonitis/Archive42,1
https://en.wikipedia.org/wiki/WBUR,1
https://en.wikipedia.org/wiki/Wellingborough_Town_F.C.,1
